portfolio,objective,ann_return,ann_vol,sharpe,final_value
PSO,-2.0070227381801944,0.32696448551994095,0.15294519572721507,2.0070227381801944,12279.911870662123
EqualWeight,,0.18755631472738887,0.15500194081034713,1.0809949465884603,11465.018146054474
