sector,weight,limit,within_limit
Health,0.280000,0.400000,True
Tech,0.220000,0.400000,True
Consumer,0.170000,0.400000,True
Utilities,0.140000,0.400000,True
Industrials,0.090000,0.400000,True
Finance,0.050000,0.400000,True
Communication,0.050000,0.400000,True
Energy,0.000000,0.400000,True
